"상태","업체명","식별번호","규격","2025-12-17","2025-12-18","2025-12-22","변동액","계약종료일"
"SAME","주식회사 컴버스테크","24691075","인터랙티브화이트보드, 컴버스테크, NZ86S, 217.4cm, IR센서/손/모든물체/터치펜/LED","3100000","3100000","3100000","0","2027.01.31"
"SAME","이솔정보통신 주식회사","25074104","인터랙티브화이트보드, 이솔정보통신, HCB-5186G, 217.4cm, IR센서/손/도구/LED","3200000","3200000","3200000","0","2027.01.31"
"SAME","(주)가이드삼정","25582919","인터랙티브화이트보드, 가이드삼정, GS-86S13T, 217.4cm, IR센서/손/도구/LED","3200000","3200000","3200000","0","2027.01.31"
"SAME","주식회사 컴버스테크","24766802","인터랙티브화이트보드, 컴버스테크, ID86PT, 217.6cm, IR센서/손/모든물체/터치펜/LED","3200000","3200000","3200000","0","2027.01.31"
"SAME","삼호글로벌 주식회사","25307066","인터랙티브화이트보드, 삼호글로벌, SHG-H86S, 218cm, IR센서/손/모든물체/터치펜/LED","3200000","3200000","3200000","0","2026.04.14"
"SAME","이솔정보통신 주식회사","25074111","인터랙티브화이트보드, 이솔정보통신, BR-86UHD-Q1G, 218cm, IR센서/손/도구/LED","3400000","3400000","3400000","0","2027.01.31"
"SAME","이솔정보통신 주식회사","25316341","인터랙티브화이트보드, 이솔정보통신, HCB-5186C, 217.4cm, IR센서/손/도구/LED","3400000","3400000","3400000","0","2027.01.31"
"SAME","주식회사 웰메이드콘텐츠","25294969","인터랙티브화이트보드, 웰메이드콘텐츠, WM-YL6X13-86, 218.4cm, IR센서/손/도구/LED","3400000","3400000","3400000","0","2027.01.31"
"SAME","주식회사 한국크레아","25141462","인터랙티브화이트보드, 한국크레아, HCB-CREMETA860Z35, 217.4cm, IR센서/손/도구/LED","3400000","3400000","3400000","0","2027.01.31"
"SAME","주식회사 웰메이드콘텐츠","25748379","인터랙티브화이트보드, 웰메이드콘텐츠, WM-YL6X1332-86, 218.4cm, IR센서/손/도구/IPS LED","3400000","3400000","3400000","0","2027.01.31"
"SAME","(주)가이드삼정","25596975","인터랙티브화이트보드, 가이드삼정, GS-86PHE, 217.8cm, IR센서/손/도구/LED","3400000","3400000","3400000","0","2027.01.31"
"SAME","(주)가이드삼정","25596971","인터랙티브화이트보드, 가이드삼정, GS-86PCE, 217.8cm, IR센서/손/도구/LED","3400000","3400000","3400000","0","2027.01.31"
"SAME","(주)가이드삼정","25596972","인터랙티브화이트보드, 가이드삼정, GS-86PCTE, 217.8cm, IR센서/손/도구/LED","3400000","3400000","3400000","0","2027.01.31"
"SAME","(주)가이드삼정","25596977","인터랙티브화이트보드, 가이드삼정, GS-86PHCE, 217.8cm, IR센서/손/도구/LED","3400000","3400000","3400000","0","2027.01.31"
"SAME","(주)가이드삼정","25582923","인터랙티브화이트보드, 가이드삼정, GS-86S13CT, 217.4cm, IR센서/손/도구/LED","3400000","3400000","3400000","0","2027.01.31"
"SAME","(주)가이드삼정","25596968","인터랙티브화이트보드, 가이드삼정, GS-86PTE, 217.8cm, IR센서/손/도구/LED","3400000","3400000","3400000","0","2027.01.31"
"SAME","(주)가이드삼정","25596967","인터랙티브화이트보드, 가이드삼정, GS-86PE, 217.8cm, IR센서/손/도구/LED","3400000","3400000","3400000","0","2027.01.31"
"SAME","주식회사 오맥스","25332201","인터랙티브화이트보드, 오맥스, ALEX 86, 217.4cm, IR센서/손/도구/QLED","3400000","3400000","3400000","0","2027.01.31"
"SAME","주식회사 현대아이티","25540509","인터랙티브화이트보드, 현대아이티, HDP E86UMDI, 217.4cm, IR센서/손/도구/LED","3400000","3400000","3400000","0","2027.01.31"
"SAME","삼호글로벌 주식회사","25307065","인터랙티브화이트보드, 삼호글로벌, SHG-H86AI, 218cm, IR센서/손/모든물체/터치펜/LED","3400000","3400000","3400000","0","2026.04.14"
"SAME","주식회사 에이번","25637781","인터랙티브화이트보드, 에이번, AV8610, 218.4cm, IR센서/손/도구/QLED","3426500","3426500","3426500","0","2027.01.31"
"SAME","주식회사 웰메이드콘텐츠","25814633","인터랙티브화이트보드, 웰메이드콘텐츠, WM-YL6XQ-1332, 218cm, IR센서/손/도구/IPS QLED","3485000","3485000","3485000","0","2027.01.31"
"SAME","(주)가이드삼정","25596981","인터랙티브화이트보드, 가이드삼정, GS-Q86PHCE, 217.8cm, IR센서/손/도구/QLED","3485000","3485000","3485000","0","2027.01.31"
"SAME","주식회사 포유디지탈","25733887","인터랙티브화이트보드, 포유디지탈, IWB-F86Q3205-T, 217.4cm, IR센서/손/모든물체/터치펜/QLED","3485000","3485000","3485000","0","2026.01.11"
"SAME","주식회사 오맥스","25393526","인터랙티브화이트보드, 오맥스, 7PAN-8601 R1, 217.4cm, IR센서/손/도구/QLED","3485000","3485000","3485000","0","2027.01.31"
"SAME","주식회사 오맥스","25393528","인터랙티브화이트보드, 오맥스, ALEX 8602, 217.4cm, IR 센서/손/도구/QLED","3485000","3485000","3485000","0","2027.01.31"
"SAME","주식회사 오맥스","25393527","인터랙티브화이트보드, 오맥스, ALEX 8601, 217.4cm, IR 센서/손/도구/QLED","3485000","3485000","3485000","0","2027.01.31"
"SAME","주식회사 문교에스티","25681067","인터랙티브화이트보드, 문교에스티, MGEBKY-Q86A, 217.7cm, IR센서/손/모든물체/QLED","3485000","3485000","3485000","0","2026.12.18"
"SAME","주식회사 한국크레아","25394571","인터랙티브화이트보드, 한국크레아, HCB-CREA86META135, 217.4cm, IR센서/손/도구/LED","3500000","3500000","3500000","0","2027.01.31"
"SAME","주식회사 한국크레아","25141461","인터랙티브화이트보드, 한국크레아, HCB-CREMETA8600Z35, 217.4cm, IR센서/손/도구/LED","3500000","3500000","3500000","0","2027.01.31"
"SAME","주식회사 컴버스테크","24766809","인터랙티브화이트보드, 컴버스테크, ND86PT, 217.4cm, IR센서/손/모든물체/터치펜/LED","3500000","3500000","3500000","0","2027.01.31"
"SAME","주식회사 현대아이티","25540512","인터랙티브화이트보드, 현대아이티, HDP E86QMDB, 217.4cm, IR센서/손/도구/QLED","3500000","3500000","3500000","0","2027.01.31"
"SAME","주식회사 리퓨터","25636307","인터랙티브화이트보드, 리퓨터, idea Board, 217.4cm, IR센서/손/도구/LED","3500000","3500000","3500000","0","2026.01.22"
"SAME","(주)한성컴퓨터","24135479","인터랙티브화이트보드, 한성컴퓨터, HSC-K86A, 217.4cm, IR슬림센서/손/도구/LED","3500000","3500000","3500000","0","2027.01.31"
"SAME","주식회사 에이번","25638878","인터랙티브화이트보드, 에이번, IWB8610A, 218.4cm, IR센서/손/도구/QLED","3542000","3542000","3542000","0","2027.01.31"
"SAME","주식회사 한국크레아","25394572","인터랙티브화이트보드, 한국크레아, HCB-CREA86META1315, 217.4cm, IR센서/손/도구/LED","3600000","3600000","3600000","0","2027.01.31"
"SAME","주식회사 에이치케이시스템","25646611","인터랙티브화이트보드, 에이치케이시스템, Edu-K Board 86A, 218.4cm, IR센서/손/도구/QLED","3600000","3600000","3600000","0","2026.06.05"
"SAME","주식회사 현대아이티","25540510","인터랙티브화이트보드, 현대아이티, HDP E86UMEI, 217.4cm, IR센서/손/도구/LED","3600000","3600000","3600000","0","2027.01.31"
"SAME","탐투스 주식회사","25190588","인터랙티브화이트보드, 탐투스, TB-GL86TVC, 218.4cm, IR센서/손/도구/LED","3630000","3630000","3630000","0","2027.01.31"
"SAME","주식회사 현대아이티","25430607","인터랙티브화이트보드, 현대아이티, HDP E86UMFI, 217.4cm, IR센서/손/도구/LED","3650000","3650000","3650000","0","2027.01.31"
"SAME","이솔정보통신 주식회사","25625590","인터랙티브화이트보드, 이솔정보통신, CCBEK-5486G1, 217.4cm, IR센서/손/도구/QLED","3670000","3670000","3670000","0","2027.01.31"
"SAME","이솔정보통신 주식회사","25600054","인터랙티브화이트보드, 이솔정보통신, HCB-5286C1, 217.4cm, IR센서/손/도구/QLED","3670000","3670000","3670000","0","2027.01.31"
"SAME","주식회사 벡트","25329221","인터랙티브화이트보드, 벡트, UIT-A86GZAP4, 217.7cm, IR센서/손/도구/LED","3700000","3700000","3700000","0","2027.01.31"
"SAME","주식회사 컴버스테크","25284445","인터랙티브화이트보드, 컴버스테크, NQN86TV, 217.4cm, IR센서/손/도구/펜/QLED","3720000","3720000","3720000","0","2027.01.31"
"SAME","주식회사 에이텍컴퓨터","25700262","인터랙티브화이트보드, 에이텍컴퓨터, A8GC-4XNNT, 217.4cm, IR센서/손/모든물체/터치펜/QLED","3745000","3745000","3745000","0","2026.04.23"
"SAME","주식회사 디에스테크놀로지","25713789","인터랙티브화이트보드, 디에스테크놀로지, DST-MG86IR13Q, 217.7cm, IR슬림센서/손/도구/펜/QLED","3773000","3773000","3773000","0","2027.01.31"
"SAME","주식회사 미래디스플레이","25650289","인터랙티브화이트보드, 미래디스플레이, MDQ1187, 217.4cm, IR센서/손/도구/QLED","3773000","3773000","3773000","0","2026.03.24"
"SAME","주식회사 퍼스트아이티","25635523","인터랙티브화이트보드, 퍼스트아이티, FIT-S8613TCVR, 218.4cm, IR센서/손터치/QLED","3800000","3800000","3800000","0","2026.04.15"
"SAME","주식회사 벡트","25334500","인터랙티브화이트보드, 벡트, UIT-L86GZA5W, 218.4cm, IR센서/손/도구/LED","3800000","3800000","3800000","0","2027.01.31"
"SAME","주식회사 벡트","25600021","인터랙티브화이트보드, 벡트, UIT-A86GZA5W, 218.4cm, IR센서/손/도구/LED","3800000","3800000","3800000","0","2027.01.31"
"SAME","주식회사 현대아이티","25540513","인터랙티브화이트보드, 현대아이티, HDP E86QMFB, 217.4cm, IR센서/손/도구/QLED","3800000","3800000","3800000","0","2027.01.31"
"SAME","주식회사 누리봄","25330953","인터랙티브화이트보드, 누리봄, NRB-IFPD-86MPLite, 218cm, IR센서/손/도구/LED","3800000","3800000","3800000","0","2027.01.31"
"SAME","주식회사 에이텍컴퓨터","25700264","인터랙티브화이트보드, 에이텍컴퓨터, A8GC-4XTNT, 217.4cm, IR센서/손/모든물체/터치펜/QLED","3836000","3836000","3836000","0","2026.04.23"
"SAME","아이에스시스템 주식회사","25618729","인터랙티브화이트보드, 아이에스시스템, ISQ-86A, 217.4cm, IR센서/손/도구/QLED","3850000","3850000","3850000","0","2026.05.29"
"SAME","주식회사 스마트터치","25702749","인터랙티브화이트보드, 스마트터치, STG-86QLED, 217.7cm, IR슬림센서/손/도구/펜/QLED","3880000","3880000","3880000","0","2027.01.31"
"SAME","주식회사 메이닉스","25783693","인터랙티브화이트보드, 메이닉스, Mai-Hyper 86QA, 217.4cm, IR센서/손/도구/QLED","3900000","3900000","3900000","0","2026.07.28"
"SAME","(주)뉴그린코리아","25981789","인터랙티브화이트보드, 뉴그린코리아, NGK-VOX86D, 217.4cm, IR센서/손/도구/QLED","3900000","3900000","3900000","0","2026.03.28"
"SAME","(주)와이드","24989049","인터랙티브화이트보드, 와이드, WELLA-86N, 218cm, IR센서/손/도구/LED","3900000","3900000","3900000","0","2027.01.31"
"SAME","주식회사 에이번","25637782","인터랙티브화이트보드, 에이번, IWF8610A, 218.4cm, IR센서/손/도구/QLED","3927000","3927000","3927000","0","2027.01.31"
"SAME","주식회사 누리봄","25525421","인터랙티브화이트보드, 누리봄, NRB-IFPD-8632MPLite, 218cm, IR센서/손/도구/LED","3950000","3950000","3950000","0","2027.01.31"
"SAME","(주)와이드","25405792","인터랙티브화이트보드, 와이드, WD-PL86, 218cm, IR센서/손/도구/LED","3950000","3950000","3950000","0","2027.01.31"
"SAME","(주)와이드","24989050","인터랙티브화이트보드, 와이드, BM-86PL, 218cm, IR센서/손/도구/LED","3950000","3950000","3950000","0","2027.01.31"
"SAME","탐투스 주식회사","25123891","인터랙티브화이트보드, 탐투스, TB-GH86TVC, 218.4cm, IR센서/손/도구/LED","3960000","3960000","3960000","0","2027.01.31"
"SAME","주식회사해피넷","25853514","인터랙티브화이트보드, 해피넷, HPN-Q86J, 217.4cm, IR센서/손/도구/펜/QLED","3960000","3960000","3960000","0","2027.01.31"
"SAME","주식회사 누리봄","25304406","인터랙티브화이트보드, 누리봄, NRB-IFPD-8632MP, 218cm, IR센서/손/도구/LED","3980000","3980000","3980000","0","2027.01.31"
"SAME","이솔정보통신 주식회사","25910039","인터랙티브화이트보드, 이솔정보통신, HCB-5286C3, 217.4cm, IR센서/손/도구/QLED","3990000","3990000","3990000","0","2027.01.31"
"SAME","이솔정보통신 주식회사","25910037","인터랙티브화이트보드, 이솔정보통신, CCBEK-5486G3, 217.4cm, IR센서/손/도구/QLED","3990000","3990000","3990000","0","2027.01.31"
"SAME","탐투스 주식회사","25419237","인터랙티브화이트보드, 탐투스, TB-GQ86TC, 218.4cm, IR센서/손터치/QLED","3990000","3990000","3990000","0","2027.01.31"
"SAME","탐투스 주식회사","25419236","인터랙티브화이트보드, 탐투스, TB-GQ86T, 218.4cm, IR센서/손터치/QLED","3990000","3990000","3990000","0","2027.01.31"
"SAME","탐투스 주식회사","25419235","인터랙티브화이트보드, 탐투스, TB-GQ86, 218.4cm, IR센서/손터치/QLED","3990000","3990000","3990000","0","2027.01.31"
"SAME","(주)대림시스템","24237679","인터랙티브화이트보드, 대림시스템, ULTRA-DS886, 217.43cm, IR센서/손 혹은 모든물체(Pen tip>Φ0.2㎜)/LED","4000000","4000000","4000000","0","2027.01.31"
"SAME","주식회사 벡트","25600019","인터랙티브화이트보드, 벡트, UIT-86GZA5B, 218.4cm, IR센서/손/도구/QLED","4000000","4000000","4000000","0","2027.01.31"
"SAME","주식회사 오맥스","25214858","인터랙티브화이트보드, 오맥스, 7PAN-8601 RK, 217.4cm, IR센서/손/도구/QLED","4000000","4000000","4000000","0","2027.01.31"
"SAME","주식회사해피넷","25853512","인터랙티브화이트보드, 해피넷, HPN-Q86JT, 217.4cm, IR센서/손/도구/펜/QLED","4004000","4004000","4004000","0","2027.01.31"
"SAME","아이에스시스템 주식회사","25618731","인터랙티브화이트보드, 아이에스시스템, IST-86A, 217.4cm, IR센서/손/도구/LED","4004000","4004000","4004000","0","2026.05.29"
"SAME","주식회사 컴버스테크","24691073","인터랙티브화이트보드, 컴버스테크, NZ86AN, 217.4cm, IR센서/손/모든물체/터치펜/LED","4050000","4050000","4050000","0","2027.01.31"
"SAME","주식회사 에이텍컴퓨터","25701434","인터랙티브화이트보드, 에이텍컴퓨터, A8GC-4XTNP, 217.4cm, IR센서/손/모든물체/터치펜/QLED","4100000","4100000","4100000","0","2026.04.23"
"SAME","주식회사 엠포트","25393535","인터랙티브화이트보드, 엠포트, e-Smarter Q86, 218cm, IR센서/손/펜/QLED","4100000","4100000","4100000","0","2027.01.31"
"SAME","주식회사 벡트","25332200","인터랙티브화이트보드, 벡트, UIT-86GZA5, 218.4cm, IR센서/손/도구/QLED","4100000","4100000","4100000","0","2027.01.31"
"SAME","주식회사 컴버스테크","24691074","인터랙티브화이트보드, 컴버스테크, NZ86OPS, 217.4cm, IR센서/손/모든물체/터치펜/LED","4100000","4100000","4100000","0","2027.01.31"
"SAME","주식회사 현대아이티","25540514","인터랙티브화이트보드, 현대아이티, HDP E86QMNB, 217.4cm, IR센서/손/도구/QLED","4100000","4100000","4100000","0","2027.01.31"
"SAME","이솔정보통신 주식회사","25198069","인터랙티브화이트보드, 이솔정보통신, CCBEK5386S, 217.4cm, IR센서/손/도구/LED","4120000","4120000","4120000","0","2027.01.31"
"SAME","(주)대림시스템","25555735","인터랙티브화이트보드, 대림시스템, ULTRA-DS1386DL32, 217.4cm, IR센서/손/모든물체/터치펜/LED","4153000","4153000","4153000","0","2027.01.31"
"SAME","주식회사 엠포트","25393536","인터랙티브화이트보드, 엠포트, e-Smarter Q86E, 218cm, IR센서/손/펜/QLED","4200000","4200000","4200000","0","2027.01.31"
"SAME","주식회사 오맥스","25214859","인터랙티브화이트보드, 오맥스, 7PAN-8601 R2, 217.4cm, IR센서/손/도구/QLED","4200000","4200000","4200000","0","2027.01.31"
"SAME","네오프랜드(주)","25236179","인터랙티브화이트보드, 네오프랜드, NEOM-IR86, 217.2cm, IR센서/손/도구/전용펜/LED","4200000","4200000","4200000","0","2026.06.04"
"SAME","(주)한성컴퓨터","25365549","인터랙티브화이트보드, 한성컴퓨터, HSN-SGPA, 219.7cm, IR슬림센서/손/도구/QLED","4200000","4200000","4200000","0","2027.01.31"
"SAME","주식회사 누리봄","25307063","인터랙티브화이트보드, 누리봄, NRB-IFPD-8613MPLite, 218cm, IR센서/손/도구/QLED","4225000","4225000","4225000","0","2027.01.31"
"SAME","주식회사 누리봄","25237617","인터랙티브화이트보드, 누리봄, NRB-IFPD-86MP, 218cm, IR센서/손/도구/LED","4250000","4250000","4250000","0","2027.01.31"
"SAME","(주)대림시스템","25555736","인터랙티브화이트보드, 대림시스템, ULTRA-DS1386DS32, 217.4cm, IR센서/손/모든물체/터치펜/LED","4300000","4300000","4300000","0","2027.01.31"
"SAME","주식회사 오맥스","25546505","인터랙티브화이트보드, 오맥스, 7PAN-8601-OPS, 217.4cm, IR센서/손/도구/QLED","4300000","4300000","4300000","0","2027.01.31"
"SAME","주식회사 현대아이티","25719383","인터랙티브화이트보드, 현대아이티, HDJN P86QMFBB, 217.4cm, IR센서/손/도구/QLED","4300000","4300000","4300000","0","2027.01.31"
"SAME","주식회사 메이닉스","25369194","인터랙티브화이트보드, 메이닉스, Mai-Phoenix 86A, 217.4cm, IR센서/손/도구/LED","4302000","4302000","4302000","0","2026.07.28"
"SAME","주식회사 컴버스테크","24766808","인터랙티브화이트보드, 컴버스테크, ND86CONF, 217.4cm, IR센서/손/모든물체/터치펜/LED","4350000","4350000","4350000","0","2027.01.31"
"SAME","탐투스 주식회사","25865135","인터랙티브화이트보드, 탐투스, TB-Q86TC, 218.4cm, IR센서/손터치/QLED","4400000","4400000","4400000","0","2027.01.31"
"SAME","(주)가이드삼정","25596978","인터랙티브화이트보드, 가이드삼정, GS-86PHCOE, 217.8cm, IR센서/손/도구/LED","4400000","4400000","4400000","0","2027.01.31"
"SAME","(주)가이드삼정","25596969","인터랙티브화이트보드, 가이드삼정, GS-86POE, 217.8cm, IR센서/손/도구/LED","4400000","4400000","4400000","0","2027.01.31"
"SAME","(주)가이드삼정","25596973","인터랙티브화이트보드, 가이드삼정, GS-86PCOE, 217.8cm, IR센서/손/도구/LED","4400000","4400000","4400000","0","2027.01.31"
"SAME","(주)가이드삼정","25596976","인터랙티브화이트보드, 가이드삼정, GS-86PHOE, 217.8cm, IR센서/손/도구/LED","4400000","4400000","4400000","0","2027.01.31"
"SAME","(주)가이드삼정","25596970","인터랙티브화이트보드, 가이드삼정, GS-86POTE, 217.8cm, IR센서/손/도구/LED","4400000","4400000","4400000","0","2027.01.31"
"SAME","(주)가이드삼정","25596979","인터랙티브화이트보드, 가이드삼정, GS-86PHCOTE, 217.8cm, IR센서/손/도구/LED","4400000","4400000","4400000","0","2027.01.31"
"SAME","주식회사 컴버스테크","25910041","인터랙티브화이트보드, 컴버스테크, KCQ86, 217.7cm, IR센서/손/모든물체/광흡수터치펜/QLED","4400000","4400000","4400000","0","2027.01.31"
"SAME","주식회사 컴버스테크","25931488","인터랙티브화이트보드, 컴버스테크, MCQ86, 217.5cm, IR센서/손/모든물체/광흡수터치펜/QLED","4400000","4400000","4400000","0","2027.01.31"
"SAME","(주)가이드삼정","25596974","인터랙티브화이트보드, 가이드삼정, GS-86PCOTE, 217.8cm, IR센서/손/도구/LED","4400000","4400000","4400000","0","2027.01.31"
"SAME","(주)가이드삼정","25582925","인터랙티브화이트보드, 가이드삼정, GS-86S13COT, 217.4cm, IR센서/손/도구/LED","4400000","4400000","4400000","0","2027.01.31"
"SAME","주식회사 아하","24763882","인터랙티브화이트보드, 아하, hybrid-8010F, 217.4cm, IR센서/손/도구/LED","4400000","4400000","4400000","0","2026.02.25"
"SAME","(주)이제이정보시스템","25516261","인터랙티브화이트보드, 이제이정보시스템, EP-Y86C, 217.4cm, IR센서/손/도구/LED","4455000","4455000","4455000","0","2026.01.25"
"SAME","삼호글로벌 주식회사","25841427","인터랙티브화이트보드, 삼호글로벌, SHG-WIN86AI-325GB, 217.5cm, IR센서/손/모든물체/터치펜/QLED","4490000","4490000","4490000","0","2026.04.14"
"SAME","주식회사 한국크레아","25141460","인터랙티브화이트보드, 한국크레아, HCB-CREA8635ZOP, 217.4cm, IR센서/손/도구/LED","4500000","4500000","4500000","0","2027.01.31"
"SAME","주식회사 웰메이드콘텐츠","25748380","인터랙티브화이트보드, 웰메이드콘텐츠, WM-YL6X1332-86PC, 218.4cm, IR센서/손/도구/IPS LED","4500000","4500000","4500000","0","2027.01.31"
"SAME","주식회사 에이치케이시스템","25646610","인터랙티브화이트보드, 에이치케이시스템, Edu-K Board 86P, 218.4cm, IR센서/손/도구/QLED","4500000","4500000","4500000","0","2026.06.05"
"SAME","주식회사 현대아이티","25719392","인터랙티브화이트보드, 현대아이티, HDP E86QMCB, 217.4cm, IR센서/손/도구/QLED","4500000","4500000","4500000","0","2027.01.31"
"SAME","주식회사 현대아이티","25719393","인터랙티브화이트보드, 현대아이티, HDP E86QMGB, 217.4cm, IR센서/손/도구/QLED","4500000","4500000","4500000","0","2027.01.31"
"SAME","네오프랜드(주)","25236181","인터랙티브화이트보드, 네오프랜드, NEOM-IR86CM, 217.2cm, IR센서/손/도구/전용펜/LED","4500000","4500000","4500000","0","2026.06.04"
"SAME","주식회사 한국크레아","25567305","인터랙티브화이트보드, 한국크레아, HCBQ-CREMETA8600Z35, 217.4cm, IR센서/손/도구/QLED","4550000","4550000","4550000","0","2027.01.31"
"SAME","(주)대림시스템","26003274","인터랙티브화이트보드, 대림시스템, ULTRA-DSQ1586DS, 217.4cm, IR센서/손/도구/QLED","4600000","4600000","4600000","0","2027.01.31"
"SAME","탐투스 주식회사","25887122","인터랙티브화이트보드, 탐투스, TB-OH86T, 218.4cm, IR센서/손터치/QLED","4600000","4600000","4600000","0","2027.01.31"
"SAME","주식회사 엠포트","25912817","인터랙티브화이트보드, 엠포트, e-Smarter Q86D, 218cm, IR슬림센서/손/펜/QLED","4600000","4600000","4600000","0","2027.01.31"
"SAME","주식회사 현대아이티","25719381","인터랙티브화이트보드, 현대아이티, HDJN P86QMFBA, 217.4cm, IR센서/손/도구/QLED","4600000","4600000","4600000","0","2027.01.31"
"SAME","주식회사 씨스원","25830698","인터랙티브화이트보드, 씨스원, CIS86A3-61, 217.42cm, IR센서/손/모든물체/LED","4600000","4600000","4600000","0","2027.01.31"
"SAME","주식회사 누리봄","25304403","인터랙티브화이트보드, 누리봄, NRB-IFPD-8613MP, 218cm, IR센서/손/도구/QLED","4600000","4600000","4600000","0","2027.01.31"
"SAME","(주)한성컴퓨터","24135481","인터랙티브화이트보드, 한성컴퓨터, HSC-K86V, 217.4cm, IR슬림센서/손/도구/LED","4600000","4600000","4600000","0","2027.01.31"
"SAME","주식회사 미래디스플레이","25650288","인터랙티브화이트보드, 미래디스플레이, MDQ1186, 217.4cm, IR센서/손/도구/QLED","4620000","4620000","4620000","0","2026.03.24"
"SAME","주식회사 웰메이드콘텐츠","25862217","인터랙티브화이트보드, 웰메이드콘텐츠, WM-YL6XQ-1332PC, 218cm, IR센서/손/도구/IPS QLED","4632000","4632000","4632000","0","2027.01.31"
"SAME","주식회사 포유디지탈","25733888","인터랙티브화이트보드, 포유디지탈, IWB-F86Q3205-OT, 217.4cm, IR센서/손/모든물체/터치펜/QLED","4632000","4632000","4632000","0","2026.01.11"
"SAME","주식회사 문교에스티","25681070","인터랙티브화이트보드, 문교에스티, MGEBKY-Q86AO, 217.7cm, IR센서/손/모든물체/QLED","4632000","4632000","4632000","0","2026.12.18"
"SAME","주식회사 벡트","25600022","인터랙티브화이트보드, 벡트, UIT-A86GZAP5W, 218.4cm, IR센서/손/도구/LED","4650000","4650000","4650000","0","2027.01.31"
"SAME","주식회사 나인","25535374","인터랙티브화이트보드, 나인, QNTS-86A, 218.4cm, IR센서/손터치/QLED","5190000","5190000","5190000","0","2026.07.03"
"SAME","(주) 주원정공","25281344","인터랙티브화이트보드, 주원정공, JICO-GB86-13BA, 219.3cm, IR센서/손/모든물체/터치펜/LED","4680000","4680000","4680000","0","2026.05.26"
"SAME","삼호글로벌 주식회사","25841426","인터랙티브화이트보드, 삼호글로벌, SHG-WIN86AI-641TB, 217.5cm, IR센서/손/모든물체/터치펜/QLED","4690000","4690000","4690000","0","2026.04.14"
"SAME","주식회사 현대아이티","25540511","인터랙티브화이트보드, 현대아이티, HDP E86UMSI, 217.4cm, IR센서/손/도구/LED","4700000","4700000","4700000","0","2027.01.31"
"SAME","주식회사 현대아이티","25540515","인터랙티브화이트보드, 현대아이티, HDP E86QMAB, 217.4cm, IR센서/손/도구/QLED","4700000","4700000","4700000","0","2027.01.31"
"SAME","주식회사 현대아이티","25719380","인터랙티브화이트보드, 현대아이티, HDJN P86QMABB, 217.4cm, IR센서/손/도구/QLED","4700000","4700000","4700000","0","2027.01.31"
"SAME","주식회사 와이에스엠","25144250","인터랙티브화이트보드, 와이에스엠, YSM-E86, 217.4cm, IR센서/손/도구/LED","4720000","4720000","4720000","0","2026.05.08"
"SAME","주식회사 아하","25088514","인터랙티브화이트보드, 아하, ULTRA-8030, 217.42cm, IR센서/손/도구/LED","4730000","4730000","4730000","0","2026.02.25"
"SAME","주식회사 아하","24174362","인터랙티브화이트보드, 아하, ULTRA-8099, 217.42cm, IR센서/손/도구/LED","4730000","4730000","4730000","0","2026.02.25"
"SAME","주식회사 아하","24763881","인터랙티브화이트보드, 아하, hybrid-8020F, 217.4cm, IR센서/손/도구/LED","4730000","4730000","4730000","0","2026.02.25"
"SAME","이솔정보통신 주식회사","25625591","인터랙티브화이트보드, 이솔정보통신, CCBEK-5486G2, 217.4cm, IR센서/손/도구/QLED","4750000","4750000","4750000","0","2027.01.31"
"SAME","이솔정보통신 주식회사","25600039","인터랙티브화이트보드, 이솔정보통신, HCB-5286C2, 217.4cm, IR센서/손/도구/QLED","4750000","4750000","4750000","0","2027.01.31"
"SAME","주식회사 벡트","25334499","인터랙티브화이트보드, 벡트, UIT-L86GZAP5W, 218.4cm, IR센서/손/도구/LED","4750000","4750000","4750000","0","2027.01.31"
"SAME","주식회사 현대아이티","25309460","인터랙티브화이트보드, 현대아이티, HDP E86UMAI, 217.4cm, IR센서/손/도구/LED","4750000","4750000","4750000","0","2027.01.31"
"SAME","(주)이제이정보시스템","25516262","인터랙티브화이트보드, 이제이정보시스템, EP-X86C, 217.4cm, IR센서/손/도구/LED","4752000","4752000","4752000","0","2026.01.25"
"SAME","주식회사 넥스윈","25191241","인터랙티브화이트보드, 넥스윈, NXW-GB86-13BA, 218cm, IR센서/손/모든물체/터치펜/LED","4800000","4800000","4800000","0","2026.02.06"
"SAME","주식회사 포유디지탈","25615499","인터랙티브화이트보드, 포유디지탈, FYD-F86U3205-T, 217.4cm, IR센서/손/도구/펜/LED","4800000","4800000","4800000","0","2026.01.11"
"SAME","주식회사 바로이엠씨","25559674","인터랙티브화이트보드, 바로컴퓨터, EMC86HB-V2GS, 217.4cm, IR센서/손/도구/LED","4800000","4800000","4800000","0","2026.09.01"
"SAME","(주)뉴그린코리아","25981788","인터랙티브화이트보드, 뉴그린코리아, NGK-VOX86Q, 217.4cm, IR센서/손/도구/QLED","4800000","4800000","4800000","0","2026.03.28"
"SAME","(주)와이드","25587833","인터랙티브화이트보드, 와이드, IH-86XM, 218cm, IR센서/손/도구/LED","4800000","4800000","4800000","0","2027.01.31"
"SAME","주식회사 디에스테크놀로지","25713790","인터랙티브화이트보드, 디에스테크놀로지, DST-MGO86IR13Q, 217.7cm, IR슬림센서/손/도구/펜/QLED","4830000","4830000","4830000","0","2027.01.31"
"SAME","탐투스 주식회사","25419238","인터랙티브화이트보드, 탐투스, TB-GQ86TP, 218.4cm, IR센서/손터치/QLED","4840000","4840000","4840000","0","2027.01.31"
"SAME","주식회사 미래디스플레이","25211405","인터랙티브화이트보드, 미래디스플레이, MDI8685, 217.4cm, IR센서/손/도구/LED","4840000","4840000","4840000","0","2026.03.24"
"SAME","주식회사 미래디스플레이","25211406","인터랙티브화이트보드, 미래디스플레이, MDI8687, 217.4cm, IR센서/손/도구/LED","4840000","4840000","4840000","0","2026.03.24"
"SAME","주식회사 단테크","25435410","인터랙티브화이트보드, 단테크, DT-IFP-86, 217.4cm, IR센서/손/도구/펜/LED","4840000","4840000","4840000","0","2026.07.30"
"SAME","주식회사 벡트","25332199","인터랙티브화이트보드, 벡트, UIT-86GZAP5, 218.4cm, IR센서/손/도구/QLED","4850000","4850000","4850000","0","2027.01.31"
"SAME","주식회사 벡트","25600020","인터랙티브화이트보드, 벡트, UIT-86GZAP5B, 218.4cm, IR센서/손/도구/QLED","4850000","4850000","4850000","0","2027.01.31"
"SAME","주식회사 컴버스테크","25284443","인터랙티브화이트보드, 컴버스테크, NQN86CONF, 217.4cm, IR센서/손/도구/펜/QLED","4850000","4850000","4850000","0","2027.01.31"
"SAME","(주)이제이정보시스템","25516258","인터랙티브화이트보드, 이제이정보시스템, EP-QX86C, 217.4cm, IR센서/손/도구/QLED","4851000","4851000","4851000","0","2026.01.25"
"SAME","아이에스시스템 주식회사","25454937","인터랙티브화이트보드, 아이에스시스템, IS-86A, 217.4cm, IR센서/손/도구/LED","4860000","4860000","4860000","0","2026.05.29"
"SAME","주식회사 한국크레아","25567308","인터랙티브화이트보드, 한국크레아, HCBQ-CREA8635ZOP, 217.4cm, IR센서/손/도구/QLED","4900000","4900000","4900000","0","2027.01.31"
"SAME","(주)이제이정보시스템","25297657","인터랙티브화이트보드, 이제이정보시스템, EB-86BC, 217.4cm, IR센서/손/도구/TFT LCD","4920300","4920300","4920300","0","2026.01.25"
"SAME","주식회사 수운","25440196","인터랙티브화이트보드, 수운, SIW86F1-A1, 218.4cm, IR센서/손/모든물체/터치펜/LED","4941000","4941000","4941000","0","2026.01.18"
"SAME","주식회사 에이텍컴퓨터","25243310","인터랙티브화이트보드, 에이텍컴퓨터, A8GC-1XTNT, 217.4cm, IR센서/손/도구/LED","4950000","4950000","4950000","0","2026.04.23"
"SAME","이솔정보통신 주식회사","25442408","인터랙티브화이트보드, 이솔정보통신, HCB-5286S2, 217.4cm, IR센서/손/도구/LED","4950000","4950000","4950000","0","2027.01.31"
"SAME","주식회사 퍼스트아이티","25312827","인터랙티브화이트보드, 퍼스트아이티, FIT-G8613T, 218.4cm, IR센서/손/도구/LED","4950000","4950000","4950000","0","2026.04.15"
"SAME","주식회사 에이번","25637780","인터랙티브화이트보드, 에이번, AV8610A, 218.4cm, IR센서/손/도구/QLED","4950000","4950000","4950000","0","2027.01.31"
"SAME","주식회사 미래디스플레이","24892411","인터랙티브화이트보드, 미래디스플레이, MDI-8486C, 217.43cm, IR센서/손/도구/LED","4950000","4950000","4950000","0","2026.03.24"
"SAME","주식회사 수운","25144249","인터랙티브화이트보드, 수운, SIW86K1-A1, 217.4cm, IR센서/손/모든물체/터치펜/LED","4950000","4950000","4950000","0","2026.01.18"
"SAME","주식회사 바로이엠씨","25491205","인터랙티브화이트보드, 바로컴퓨터, EMC86HB-V1G, 217.4cm, IR센서/손/도구/LED","4950000","4950000","4950000","0","2026.09.01"
"SAME","(주)이제이정보시스템","24968543","인터랙티브화이트보드, 이제이정보시스템, EB-86, 217.4cm, IR센서/손/도구/LED","4950000","4950000","4950000","0","2026.01.25"
"SAME","탐소리큐브(주)","25190655","인터랙티브화이트보드, 탐소리큐브, TG13-B86, 217.4cm, IR센서/손/도구/LED","4950000","4950000","4950000","0","2026.02.14"
"SAME","주식회사 아하","24933688","인터랙티브화이트보드, 아하, hybrid-8030F, 217.4cm, IR센서/손/도구/LED","4950000","4950000","4950000","0","2026.02.25"
"SAME","주식회사 아하","25470284","인터랙티브화이트보드, 아하, hybrid-Q8100A, 217.4cm, IR센서/손/도구/QLED","4950000","4950000","4950000","0","2026.02.25"
"SAME","주식회사 아하","24914517","인터랙티브화이트보드, 아하, ASI-8010F, 217.4cm, IR센서/손/도구/LED","4950000","4950000","4950000","0","2026.02.25"
"SAME","주식회사 아주테크","25391471","인터랙티브화이트보드, 아주테크, AJID-3685, 217.4cm, IR센서/손/도구/LED","4950000","4950000","4950000","0","2026.11.05"
"SAME","(주)와이드","25405793","인터랙티브화이트보드, 와이드, WD-86PLS, 218cm, IR센서/손/도구/LED","4950000","4950000","4950000","0","2027.01.31"
"SAME","탐투스 주식회사","25123893","인터랙티브화이트보드, 탐투스, TB-GH86TPVC, 218.4cm, IR센서/손/도구/LED","4960000","4960000","4960000","0","2027.01.31"
"SAME","주식회사 스마트터치","25702750","인터랙티브화이트보드, 스마트터치, STGO-86QLED, 217.7cm, IR슬림센서/손/도구/펜/QLED","4960000","4960000","4960000","0","2027.01.31"
"SAME","주식회사 스마트터치","25702748","인터랙티브화이트보드, 스마트터치, STGO-86Q, 217.7cm, IR슬림센서/손/도구/펜/QLED","4960000","4960000","4960000","0","2027.01.31"
"SAME","주식회사해피넷","25853511","인터랙티브화이트보드, 해피넷, HPN-Q86JOT, 217.4cm, IR센서/손/도구/펜/QLED","4972000","4972000","4972000","0","2027.01.31"
"SAME","(주)이제이정보시스템","25184578","인터랙티브화이트보드, 이제이정보시스템, EK-86CT, 217.4cm, IR센서/손/도구/LED","4972000","4972000","4972000","0","2026.01.25"
"SAME","주식회사 넥스윈","25191249","인터랙티브화이트보드, 넥스윈, NXW-GB86-15BA, 219.3cm, IR센서/손/모든물체/터치펜/QLED","4980000","4980000","4980000","0","2026.02.06"
"SAME","주식회사 문교에스티","25553180","인터랙티브화이트보드, 문교에스티, MGEBKY-86A, 217.7cm, IR센서/손/모든물체/LED","4980000","4980000","4980000","0","2026.12.18"
"SAME","이솔정보통신 주식회사","25910038","인터랙티브화이트보드, 이솔정보통신, CCBEK-5486G4, 217.4cm, IR센서/손/도구/QLED","4990000","4990000","4990000","0","2027.01.31"
"SAME","이솔정보통신 주식회사","25910040","인터랙티브화이트보드, 이솔정보통신, HCB-5286C4, 217.4cm, IR센서/손/도구/QLED","4990000","4990000","4990000","0","2027.01.31"
"SAME","탐투스 주식회사","25419239","인터랙티브화이트보드, 탐투스, TB-GQ86TPC, 218.4cm, IR센서/손터치/QLED","4990000","4990000","4990000","0","2027.01.31"
"SAME","주식회사 젯트","25252970","인터랙티브화이트보드, 젯트, JT-EH86T, 218.4cm, IR센서/손/도구/LED","5000000","5000000","5000000","0","2026.03.17"
"SAME","주식회사 현대스마트솔루션","25015611","인터랙티브화이트보드, 현대스마트솔루션, S86-HSSUHD0119, 217.71cm, IR센서/손/도구/LCD","5000000","5000000","5000000","0","2026.10.07"
"SAME","(주) 주원정공","25281345","인터랙티브화이트보드, 주원정공, JICO-GB86-13UP, 219.3cm, IR센서/손/모든물체/터치펜/LED","5040000","5040000","5040000","0","2026.05.26"
"SAME","주식회사 바로이엠씨","25559675","인터랙티브화이트보드, 바로컴퓨터, EMC86HB-V2G, 217.4cm, IR센서/손/도구/LED","5050000","5050000","5050000","0","2026.09.01"
"SAME","주식회사 에이텍컴퓨터","25701435","인터랙티브화이트보드, 에이텍컴퓨터, A8GC-4XTST, 217.4cm, IR센서/손/모든물체/터치펜/QLED","5075000","5075000","5075000","0","2026.04.23"
"SAME","(주)이제이정보시스템","25080981","인터랙티브화이트보드, 이제이정보시스템, EB-86T, 217.4cm, IR센서/손/도구/LED","5090000","5090000","5090000","0","2026.01.25"
"SAME","주식회사 넥스윈","25191242","인터랙티브화이트보드, 넥스윈, NXW-GB86-13UP, 218cm, IR센서/손/모든물체/터치펜/LED","5100000","5100000","5100000","0","2026.02.06"
"SAME","주식회사 넥스윈","25191244","인터랙티브화이트보드, 넥스윈, NXW-MK86-13BA, 219.3cm, IR센서/손/모든물체/터치펜/D-LED","5100000","5100000","5100000","0","2026.02.06"
"SAME","주식회사 디엘피컴퍼니","25576066","인터랙티브화이트보드, 디엘피컴퍼니, DLP-86V13C, 217.4cm, IR센서/손/도구/LCD","5100000","5100000","5100000","0","2026.12.15"
"SAME","주식회사 국제스쿨","25404707","인터랙티브화이트보드, 국제스쿨, KJG-86IR13, 217.7cm, IR센서/손/도구/TFT LCD","5120000","5120000","5120000","0","2026.07.31"
"SAME","주식회사 나인","25432156","인터랙티브화이트보드, 나인, NTS 86A, 217.4cm, IR센서/손/도구/LED","5140000","5140000","5140000","0","2026.07.03"
"SAME","주식회사 미래디스플레이","25471197","인터랙티브화이트보드, 미래디스플레이, MDI8686, 217.4cm, IR센서/손/도구/LED","5170000","5170000","5170000","0","2026.03.24"
"SAME","주식회사 아하","24763880","인터랙티브화이트보드, 아하, ASI-8030F, 217.4cm, IR센서/손/도구/LED","5170000","5170000","5170000","0","2026.02.25"
"SAME","아이에스시스템 주식회사","24656264","인터랙티브화이트보드, 아이에스시스템, IEG86A, 217.4cm, IR센서/손/도구/LED","5170000","5170000","5170000","0","2026.05.29"
"SAME","주식회사 에이텍컴퓨터","25598299","인터랙티브화이트보드, 에이텍컴퓨터, A8GC-2XNNT, 217.4cm, IR센서/손/모든물체/터치펜/LED","5190000","5190000","5190000","0","2026.04.23"
"SAME","주식회사 수운","25164170","인터랙티브화이트보드, 수운, SIW86K1-B1, 217.4cm, IR센서/손/모든물체/터치펜/LED","5200000","5200000","5200000","0","2026.01.18"
"SAME","(주)한성컴퓨터","25365550","인터랙티브화이트보드, 한성컴퓨터, HSN-SGPAS, 219.7cm, IR슬림센서/손/도구/QLED","5200000","5200000","5200000","0","2027.01.31"
"SAME","(주)현대하이텍","25173598","인터랙티브화이트보드, 현대하이텍, STAR-8600EDU, 217.4cm, IR센서/손/모든물체/터치펜/LED","5200000","5200000","5200000","0","2026.04.21"
"SAME","탐소리큐브(주)","25190657","인터랙티브화이트보드, 탐소리큐브, TG13-S86T, 217.4cm, IR센서/손/도구/LED","5210000","5210000","5210000","0","2026.02.14"
"SAME","주식회사 와이에스엠","25144251","인터랙티브화이트보드, 와이에스엠, YSM-E86T, 217.4cm, IR센서/손/도구/LED","5220000","5220000","5220000","0","2026.05.08"
"SAME","주식회사 메이닉스","25369195","인터랙티브화이트보드, 메이닉스, Mai-Phoenix 86B, 217.4cm, IR센서/손/도구/LED","5250000","5250000","5250000","0","2026.07.28"
"SAME","주식회사 수운","25164171","인터랙티브화이트보드, 수운, SIW86K2-A1, 217.4cm, IR센서/손/모든물체/터치펜/LED","5250000","5250000","5250000","0","2026.01.18"
"SAME","주식회사 와이에스엠","25144253","인터랙티브화이트보드, 와이에스엠, YSM-C86, 217.4cm, IR센서/손/도구/LED","5250000","5250000","5250000","0","2026.05.08"
"SAME","아이에스시스템 주식회사","25454938","인터랙티브화이트보드, 아이에스시스템, IS-8601, 217.4cm, IR센서/손/도구/LED","5250000","5250000","5250000","0","2026.05.29"
"SAME","주식회사문교에듀텍","25357506","인터랙티브화이트보드, 문교에듀텍, MGEB-86A, 217.7cm, IR센서/손/모든물체/LED","5250000","5250000","5250000","0","2026.05.19"
"SAME","주식회사 에이텍컴퓨터","25701436","인터랙티브화이트보드, 에이텍컴퓨터, A8GC-4XTSP, 217.4cm, IR센서/손/모든물체/터치펜/QLED","5260000","5260000","5260000","0","2026.04.23"
"SAME","(주)테크커넥트","25452834","인터랙티브화이트보드, 테크커넥트, CHALK-2000, 217.4cm, IR센서/손/도구/LED","5260000","5260000","5260000","0","2026.01.30"
"SAME","주식회사 아하","25470305","인터랙티브화이트보드, 아하, hybrid-Q8101A, 217.4cm, IR센서/손/도구/QLED","5280000","5280000","5280000","0","2026.02.25"
"SAME","주식회사 아하","25468854","인터랙티브화이트보드, 아하, colabo-8030, 217.4cm, IR센서/손/도구/LED","5280000","5280000","5280000","0","2026.02.25"
"SAME","아이에스시스템 주식회사","25255048","인터랙티브화이트보드, 아이에스시스템, ISM 86A, 217.4cm, IR센서/손/도구/LED","5280000","5280000","5280000","0","2026.05.29"
"SAME","아이에스시스템 주식회사","25460963","인터랙티브화이트보드, 아이에스시스템, ISS-86A, 217.4cm, IR센서/손/도구/LED","5280000","5280000","5280000","0","2026.05.29"
"SAME","주식회사 수운","25440193","인터랙티브화이트보드, 수운, SIW86F1-A0, 218.4cm, IR센서/손/모든물체/터치펜/LED","5290000","5290000","5290000","0","2026.01.18"
"SAME","주식회사 넥스윈","25191250","인터랙티브화이트보드, 넥스윈, NXW-GB86-15UP, 219.3cm, IR센서/손/모든물체/터치펜/QLED","5300000","5300000","5300000","0","2026.02.06"
"SAME","주식회사 넥스윈","25191245","인터랙티브화이트보드, 넥스윈, NXW-MK86-13UP, 219.3cm, IR센서/손/모든물체/터치펜/D-LED","5300000","5300000","5300000","0","2026.02.06"
"SAME","더원산업(주)","25468856","인터랙티브화이트보드, 더원산업, TW86A, 217.4cm, IR센서/손/도구/LED","5300000","5300000","5300000","0","2026.10.07"
"SAME","(주)이제이정보시스템","25297655","인터랙티브화이트보드, 이제이정보시스템, EB-86B, 217.4cm, IR센서/손/도구/TFT LCD","5335000","5335000","5335000","0","2026.01.25"
"SAME","주식회사 에이텍컴퓨터","25598301","인터랙티브화이트보드, 에이텍컴퓨터, A8GC-2XTNT, 217.4cm, IR센서/손/모든물체/터치펜/LED","5350000","5350000","5350000","0","2026.04.23"
"SAME","주식회사 수운","25440197","인터랙티브화이트보드, 수운, SIW86F1-B1, 218.4cm, IR센서/손/모든물체/터치펜/LED","5390000","5390000","5390000","0","2026.01.18"
"SAME","(주)이제이정보시스템","24968541","인터랙티브화이트보드, 이제이정보시스템, EB-86C, 217.4cm, IR센서/손/도구/LED","5390000","5390000","5390000","0","2026.01.25"
"SAME","(주)대림시스템","25135655","인터랙티브화이트보드, 대림시스템, ULTRA-DS11386DSP, 217.4cm, IR센서/손/도구/LED","5400000","5400000","5400000","0","2027.01.31"
"SAME","주식회사 에이치케이시스템","25311836","인터랙티브화이트보드, 에이치케이시스템, Edu-K Board 86S, 218.4cm, IR센서/손/도구/LED","5400000","5400000","5400000","0","2026.06.05"
"SAME","주식회사 컴버스테크","25910042","인터랙티브화이트보드, 컴버스테크, KCQ86OPS, 217.7cm, IR센서/손/모든물체/광흡수터치펜/QLED","5450000","5450000","5450000","0","2027.01.31"
"SAME","주식회사 수운","25164172","인터랙티브화이트보드, 수운, SIW86K2-B1, 217.4cm, IR센서/손/모든물체/터치펜/LED","5450000","5450000","5450000","0","2026.01.18"
"SAME","주식회사 퍼스트아이티","25312828","인터랙티브화이트보드, 퍼스트아이티, FIT-G8613TC, 218.4cm, IR센서/손/도구/LED","5470000","5470000","5470000","0","2026.04.15"
"SAME","주식회사 수운","25557598","인터랙티브화이트보드, 수운, SIW86F1-D1, 218.4cm, IR센서/손/모든물체/터치펜/QLED","5470000","5470000","5470000","0","2026.01.18"
"SAME","주식회사 수운","25440194","인터랙티브화이트보드, 수운, SIW86F1-B0, 218.4cm, IR센서/손/모든물체/터치펜/LED","5490000","5490000","5490000","0","2026.01.18"
"SAME","주식회사 엠포트","25912818","인터랙티브화이트보드, 엠포트, e-Smarter Q86F, 218cm, IR슬림센서/손/펜/QLED","5500000","5500000","5500000","0","2027.01.31"
"SAME","엠에스원디지털 주식회사","25644618","인터랙티브화이트보드, 엠에스원디지털, MT-Q86C, 217.4cm, IR센서/손/도구/펜/LED","5500000","5500000","5500000","0","2026.03.25"
"SAME","주식회사 컴버스테크","25931489","인터랙티브화이트보드, 컴버스테크, MCQ86OPS, 217.5cm, IR센서/손/모든물체/광흡수터치펜/QLED","5500000","5500000","5500000","0","2027.01.31"
"SAME","주식회사 와이에스엠","25144254","인터랙티브화이트보드, 와이에스엠, YSM-C86T, 217.4cm, IR센서/손/도구/LED","5500000","5500000","5500000","0","2026.05.08"
"SAME","(주)뉴그린코리아","25146191","인터랙티브화이트보드, 뉴그린코리아, NGK-IWB-8600BC, 217.4cm, IR센서/손/도구/LED","5500000","5500000","5500000","0","2026.03.28"
"SAME","(주)이제이정보시스템","25297658","인터랙티브화이트보드, 이제이정보시스템, EB-86BCOT, 217.4cm, IR센서/손/도구/TFT LCD","5500000","5500000","5500000","0","2026.01.25"
"SAME","탐소리큐브(주)","25190658","인터랙티브화이트보드, 탐소리큐브, TG13-S86TC, 217.4cm, IR센서/손/도구/LED","5500000","5500000","5500000","0","2026.02.14"
"SAME","주식회사 젯트","25252979","인터랙티브화이트보드, 젯트, JT-EH86TC, 218.4cm, IR센서/손/도구/LED","5500000","5500000","5500000","0","2026.03.17"
"SAME","주식회사 나인","25535375","인터랙티브화이트보드, 나인, QNTS-86AO, 218.4cm, IR센서/손터치/QLED","5530000","5530000","5530000","0","2026.07.03"
"SAME","(주)이제이정보시스템","25080982","인터랙티브화이트보드, 이제이정보시스템, EB-86CT, 217.4cm, IR센서/손/도구/LED","5530000","5530000","5530000","0","2026.01.25"
"SAME","주식회사 컴버스테크","24766801","인터랙티브화이트보드, 컴버스테크, ID86CONF, 217.6cm, IR센서/손/모든물체/터치펜/LED","5560000","5560000","5560000","0","2026.05.01"
"SAME","주식회사 수운","25557597","인터랙티브화이트보드, 수운, SIW86F1-D0, 218.4cm, IR센서/손/모든물체/터치펜/QLED","5590000","5590000","5590000","0","2026.01.18"
"SAME","탐투스 주식회사","25887123","인터랙티브화이트보드, 탐투스, TB-OH86TP, 218.4cm, IR센서/손터치/QLED","5600000","5600000","5600000","0","2027.01.31"
"SAME","주식회사 누리봄","25237616","인터랙티브화이트보드, 누리봄, NRB-IFPD-86MPro, 218cm, IR센서/손/도구/LED","5600000","5600000","5600000","0","2027.01.31"
"SAME","(사)희망근로장애인협회 통신사업단","25311806","인터랙티브화이트보드, 희망근로장애인협회통신사업단, HM-8683, 217.4cm, IR센서/손/도구/LED","5600000","5600000","5600000","0","2026.04.24"
"SAME","네오프랜드(주)","25236180","인터랙티브화이트보드, 네오프랜드, NEOM-IR86-OPS, 217.2cm, IR센서/손/도구/전용펜/LED","5600000","5600000","5600000","0","2026.06.04"
"SAME","주식회사 한국크레아","25567307","인터랙티브화이트보드, 한국크레아, HCBQ-CREMETA86Z35, 217.4cm, IR센서/손/도구/QLED","5650000","5650000","5650000","0","2027.01.31"
"SAME","주식회사 컴버스테크","25148369","인터랙티브화이트보드, 컴버스테크, IG86S, 217.4cm, IR센서/손/모든물체/터치펜/LED","5680000","5680000","5680000","0","2026.05.01"
"SAME","(사)희망근로장애인협회 통신사업단","25311808","인터랙티브화이트보드, 희망근로장애인협회통신사업단, HM-8686, 217.4cm, IR센서/손/도구/LED","5700000","5700000","5700000","0","2026.04.24"
"SAME","주식회사 나인","25432157","인터랙티브화이트보드, 나인, NTS 8601, 217.4cm, IR센서/손/도구/LED","5720000","5720000","5720000","0","2026.07.03"
"SAME","아이에스시스템 주식회사","25255049","인터랙티브화이트보드, 아이에스시스템, ISM 8601, 217.4cm, IR센서/손/도구/LED","5720000","5720000","5720000","0","2026.05.29"
"SAME","주식회사 포유디지탈","25615498","인터랙티브화이트보드, 포유디지탈, FYD-F86U3205-OT, 217.4cm, IR센서/손/도구/펜/LED","5800000","5800000","5800000","0","2026.01.11"
"SAME","(주)뉴그린코리아","25544594","인터랙티브화이트보드, 뉴그린코리아, NGK-IWB-8600-QL-BC, 217.4cm, IR센서/손/도구/QLED","5800000","5800000","5800000","0","2026.03.28"
"SAME","주식회사 퍼스트아이티","25312829","인터랙티브화이트보드, 퍼스트아이티, FIT-G8613TCVR, 218.4cm, IR센서/손/도구/LED","5830000","5830000","5830000","0","2026.04.15"
"SAME","주식회사 컴버스테크","24766811","인터랙티브화이트보드, 컴버스테크, NZ86ZG, 217.4cm, IR센서/손/모든물체/터치펜/LED","5850000","5850000","5850000","0","2026.05.01"
"SAME","주식회사 리퓨터","25207406","인터랙티브화이트보드, 리퓨터, eBoardPro86V1, 217.4cm, IR센서/손/도구/LED","5850000","5850000","5850000","0","2026.01.22"
"SAME","(주)테크커넥트","25361251","인터랙티브화이트보드, 테크커넥트, CM-8602, 217.4cm, IR센서/손/도구/LED","5880000","5880000","5880000","0","2026.01.30"
"SAME","주식회사 현대아이티","24018775","인터랙티브화이트보드, 현대아이티, E86UCGI, 217.4cm, IR센서/손/도구/LED","5896000","5896000","5896000","0","2027.01.06"
"SAME","엠에스원디지털 주식회사","25644619","인터랙티브화이트보드, 엠에스원디지털, MT-Q86T, 217.4cm, IR센서/손/도구/펜/LED","5900000","5900000","","0","2026.03.25"
"SAME","네오프랜드(주)","25236182","인터랙티브화이트보드, 네오프랜드, NEOM-IR86CM-OPS, 217.2cm, IR센서/손/도구/전용펜/LED","5900000","5900000","5900000","0","2026.06.04"
"SAME","주식회사 나인","25535376","인터랙티브화이트보드, 나인, QNTS-86AOPS, 218.4cm, IR센서/손터치/QLED","6580000","6580000","6580000","0","2026.07.03"
"SAME","주식회사 메이닉스","25369196","인터랙티브화이트보드, 메이닉스, Mai-Phoenix 86C, 217.4cm, IR센서/손/도구/LED","5950000","5950000","5950000","0","2026.07.28"
"SAME","주식회사 컴버스테크","25148365","인터랙티브화이트보드, 컴버스테크, IG86ZG, 217.4cm, IR센서/손/모든물체/터치펜/LED","5980000","5980000","5980000","0","2026.05.01"
"SAME","주식회사 현대아이티","25208787","인터랙티브화이트보드, 현대아이티, HDP E86UPCI, 217.4cm, IR센서/손/도구/LED","5990000","5990000","5990000","0","2027.01.06"
"SAME","탐투스 주식회사","25717114","인터랙티브화이트보드, 탐투스, TB-GH86-TVC, 218.4cm, IR센서/손/도구/QLED","6140000","6140000","6140000","0","2028.06.26"
"SAME","(주) 주원정공","25281346","인터랙티브화이트보드, 주원정공, JICO-GB86-13OP, 219.3cm, IR센서/손/모든물체/터치펜/LED","6165000","6165000","6165000","0","2026.05.26"
"SAME","주식회사 넥스윈","25191243","인터랙티브화이트보드, 넥스윈, NXW-GB86-13OP, 218cm, IR센서/손/모든물체/터치펜/LED","6200000","6200000","6200000","0","2026.02.06"
"SAME","(주)테크커넥트","25452833","인터랙티브화이트보드, 테크커넥트, CHALK-2000C, 217.4cm, IR센서/손/도구/LED","6240000","6240000","6240000","0","2026.01.30"
"SAME","(주)이제이정보시스템","25516259","인터랙티브화이트보드, 이제이정보시스템, EP-QY86C, 217.4cm, IR센서/손/도구/QLED","6286500","6286500","6286500","0","2026.01.25"
"SAME","주식회사 나인","25432158","인터랙티브화이트보드, 나인, NTS 86AC, 217.4cm, IR센서/손/도구/LED","6290000","6290000","6290000","0","2026.07.03"
"SAME","네오프랜드(주)","25236177","인터랙티브화이트보드, 네오프랜드, NEOM-ON86CM, 217.2cm, On Cell방식/손/펜/LED","6300000","6300000","6300000","0","2026.06.04"
"SAME","주식회사 디엘피컴퍼니","25576069","인터랙티브화이트보드, 디엘피컴퍼니, DLP-86V13COT, 217.4cm, IR센서/손/도구/LCD","6300000","6300000","6300000","0","2026.12.15"
"SAME","더원산업(주)","25468858","인터랙티브화이트보드, 더원산업, TW86AC, 217.4cm, IR센서/손/도구/LED","6300000","6300000","6300000","0","2026.10.07"
"SAME","주식회사 컴버스테크","25284444","인터랙티브화이트보드, 컴버스테크, NQN86PT, 217.4cm, IR센서/손/도구/펜/LED","6304000","6304000","6304000","0","2026.05.01"
"SAME","아이에스시스템 주식회사","25454939","인터랙티브화이트보드, 아이에스시스템, IS-86AC, 217.4cm, IR센서/손/도구/LED","6340000","6340000","6340000","0","2026.05.29"
"SAME","주식회사 포유디지탈","25202970","인터랙티브화이트보드, 포유디지탈, IWB-F86N1, 217.4cm, IR센서/손/도구/펜/LED","6350000","6350000","6350000","0","2026.01.11"
"SAME","주식회사 컴버스테크","25284442","인터랙티브화이트보드, 컴버스테크, NQN86ZG, 217.4cm, IR센서/손/도구/펜/LED","6360000","6360000","6360000","0","2026.05.01"
"SAME","주식회사 현대아이티","24825776","인터랙티브화이트보드, 현대아이티, E86UNCI, 217.4cm, IR센서/손/도구/LED","6360000","6360000","6360000","0","2027.01.06"
"SAME","주식회사 포유디지탈","25202969","인터랙티브화이트보드, 포유디지탈, IWB-F86N1-T, 217.4cm, IR센서/손/도구/펜/LED","6390000","6390000","6390000","0","2026.01.11"
"SAME","주식회사 에이치케이시스템","25311837","인터랙티브화이트보드, 에이치케이시스템, Edu-K Board 86C, 218.4cm, IR센서/손/도구/LED","6400000","6400000","6400000","0","2026.06.05"
"SAME","주식회사 리퓨터","25361250","인터랙티브화이트보드, 리퓨터, eBoardPro86V2, 217.4cm, IR센서/손/도구/LED","6400000","6400000","6400000","0","2026.01.22"
"SAME","주식회사 아하","25470306","인터랙티브화이트보드, 아하, hybrid-Q8103A, 217.4cm, IR센서/손/도구/QLED","6450000","6450000","6450000","0","2026.02.25"
"SAME","주식회사 수운","25164167","인터랙티브화이트보드, 수운, SIW86K1-C1, 217.4cm, IR센서/손/모든물체/터치펜/LED","6480000","6480000","6480000","0","2026.01.18"
"SAME","주식회사 아하","24914518","인터랙티브화이트보드, 아하, ASI-8020F, 217.4cm, IR센서/손/도구/LED","6490000","6490000","6490000","0","2026.02.25"
"SAME","주식회사 넥스윈","25191251","인터랙티브화이트보드, 넥스윈, NXW-GB86-15OP, 219.3cm, IR센서/손/모든물체/터치펜/QLED","6500000","6500000","6500000","0","2026.02.06"
"SAME","주식회사 와이에스엠","25144252","인터랙티브화이트보드, 와이에스엠, YSM-E86TO, 217.4cm, IR센서/손/도구/LED","6500000","6500000","6500000","0","2026.05.08"
"SAME","(주)뉴그린코리아","25146211","인터랙티브화이트보드, 뉴그린코리아, NGK-IWB-8600OBC, 217.4cm, IR센서/손/도구/LED","6500000","6500000","6500000","0","2026.03.28"
"SAME","주식회사 컴버스테크","25356619","인터랙티브화이트보드, 컴버스테크, TG86CONF, 217.4cm, IR센서/손/도구/펜/LED","6580000","6580000","6580000","0","2026.05.01"
"SAME","탐소리큐브(주)","25190659","인터랙티브화이트보드, 탐소리큐브, TG13-S86TO, 217.4cm, IR센서/손/도구/LED","6600000","6600000","6600000","0","2026.02.14"
"SAME","(주)테크커넥트","25160886","인터랙티브화이트보드, 테크커넥트, CM-8601S, 217.4cm, IR센서/손/도구/LED","6600000","6600000","6600000","0","2026.01.30"
"SAME","(주)뉴그린코리아","25569310","인터랙티브화이트보드, 뉴그린코리아, NGK-IWB-8601-QL, 217.4cm, IR센서/손/도구/QLED","6700000","6700000","6700000","0","2026.03.28"
"SAME","주식회사 포유디지탈","25202968","인터랙티브화이트보드, 포유디지탈, IWB-F86N1-O, 217.4cm, IR센서/손/도구/펜/LED","6710000","6710000","6710000","0","2026.01.11"
"SAME","주식회사 에이텍컴퓨터","25598298","인터랙티브화이트보드, 에이텍컴퓨터, A8GC-2XT5T, 217.4cm, IR센서/손/모든물체/터치펜/LED","6750000","6750000","6750000","0","2026.04.23"
"SAME","주식회사 포유디지탈","25202967","인터랙티브화이트보드, 포유디지탈, IWB-F86N1-OT, 217.4cm, IR센서/손/도구/펜/LED","6750000","6750000","6750000","0","2026.01.11"
"SAME","주식회사 넥스윈","25191246","인터랙티브화이트보드, 넥스윈, NXW-MK86-13OP, 219.3cm, IR센서/손/모든물체/터치펜/D-LED","6800000","6800000","6800000","0","2026.02.06"
"SAME","주식회사 수운","25557600","인터랙티브화이트보드, 수운, SIW86F1-E1, 218.4cm, IR센서/손/모든물체/터치펜/QLED","6800000","6800000","6800000","0","2026.01.18"
"SAME","주식회사 젯트","25252977","인터랙티브화이트보드, 젯트, JT-PH86TOC, 218.4cm, IR센서/손/도구/LED","6800000","6800000","6800000","0","2026.03.17"
"SAME","주식회사 수운","25164173","인터랙티브화이트보드, 수운, SIW86K2-C1, 217.4cm, IR센서/손/모든물체/터치펜/LED","6840000","6840000","6840000","0","2026.01.18"
"SAME","주식회사 수운","25440198","인터랙티브화이트보드, 수운, SIW86F1-C1, 218.4cm, IR센서/손/모든물체/터치펜/LED","6840000","6840000","6840000","0","2026.01.18"
"SAME","주식회사 컴버스테크","25356616","인터랙티브화이트보드, 컴버스테크, TG86ZL, 217.4cm, IR센서/손/도구/펜/LED","6900000","6900000","6900000","0","2026.05.01"
"SAME","주식회사 미래디스플레이","25211407","인터랙티브화이트보드, 미래디스플레이, MDI8688, 217.4cm, IR센서/손/도구/LED","6930000","6930000","6930000","0","2026.03.24"
"SAME","아이에스시스템 주식회사","25255050","인터랙티브화이트보드, 아이에스시스템, ISM 86AC, 217.4cm, IR센서/손/도구/LED","6930000","6930000","6930000","0","2026.05.29"
"SAME","아이에스시스템 주식회사","24656263","인터랙티브화이트보드, 아이에스시스템, IEG86AC, 217.4cm, IR센서/손/도구/LED","6960000","6960000","6960000","0","2026.05.29"
"SAME","(주)이제이정보시스템","24968542","인터랙티브화이트보드, 이제이정보시스템, EB-86CO, 217.4cm, IR센서/손/도구/LED","6985000","6985000","6985000","0","2026.01.25"
"SAME","주식회사 컴버스테크","25148364","인터랙티브화이트보드, 컴버스테크, IG86ZL, 217.4cm, IR센서/손/모든물체/터치펜/LED","6990000","6990000","6990000","0","2026.05.01"
"SAME","주식회사 컴버스테크","24766810","인터랙티브화이트보드, 컴버스테크, NZ86ZL, 217.4cm, IR센서/손/모든물체/터치펜/LED","7050000","7050000","7050000","0","2026.05.01"
"SAME","엠에스원디지털 주식회사","25644620","인터랙티브화이트보드, 엠에스원디지털, MT-Q86P, 217.4cm, IR센서/손/도구/펜/LED","7100000","7100000","7100000","0","2026.03.25"
"SAME","주식회사문교에듀텍","25357507","인터랙티브화이트보드, 문교에듀텍, MGEB-86AO, 217.7cm, IR센서/손/모든물체/LED","7100000","7100000","7100000","0","2026.05.19"
"SAME","주식회사 컴버스테크","24386404","인터랙티브화이트보드, 컴버스테크, NB86ZG, 217.8cm, IR센서/리모트컨트롤러/손/LED","7120000","7120000","7120000","0","2026.05.01"
"SAME","(주)테크커넥트","25440942","인터랙티브화이트보드, 테크커넥트, CM-8604, 217.4cm, IR센서/손/도구/LED","7140000","7140000","7140000","0","2026.01.30"
"SAME","주식회사 에이텍컴퓨터","25598300","인터랙티브화이트보드, 에이텍컴퓨터, A8GC-2XTST, 217.4cm, IR센서/손/모든물체/터치펜/LED","7150000","7150000","7150000","0","2026.04.23"
"SAME","주식회사 문교에스티","25553181","인터랙티브화이트보드, 문교에스티, MGEBKY-86AO, 217.7cm, IR센서/손/모든물체/LED","7150000","7150000","7150000","0","2026.12.18"
"SAME","탐소리큐브(주)","25190660","인터랙티브화이트보드, 탐소리큐브, TG13-S86TOC, 217.4cm, IR센서/손/도구/LED","7200000","7200000","7200000","0","2026.02.14"
"SAME","주식회사 와이에스엠","25144255","인터랙티브화이트보드, 와이에스엠, YSM-C86TO, 217.4cm, IR센서/손/도구/LED","7200000","7200000","7200000","0","2026.05.08"
"SAME","주식회사 현대아이티","24018778","인터랙티브화이트보드, 현대아이티, E86UAGI, 217.4cm, IR센서/손/도구/LED","7292000","7292000","7292000","0","2027.01.06"
"SAME","주식회사 리퓨터","25366283","인터랙티브화이트보드, 리퓨터, eBoardPro86V3, 217.4cm, IR센서/손/도구/LED","7300000","7300000","7300000","0","2026.01.22"
"SAME","(사)희망근로장애인협회 통신사업단","25311807","인터랙티브화이트보드, 희망근로장애인협회통신사업단, HM-8685, 217.4cm, IR센서/손/도구/LED","7300000","7300000","7300000","0","2026.04.24"
"SAME","주식회사 컴버스테크","25284441","인터랙티브화이트보드, 컴버스테크, NQN86ZL, 217.4cm, IR센서/손/도구/펜/LED","7330000","7330000","7330000","0","2026.05.01"
"SAME","주식회사 수운","25440195","인터랙티브화이트보드, 수운, SIW86F1-C0, 218.4cm, IR센서/손/모든물체/터치펜/LED","7400000","7400000","7400000","0","2026.01.18"
"SAME","네오프랜드(주)","25236176","인터랙티브화이트보드, 네오프랜드, NEOM-ON86-OPS, 217.2cm, On Cell방식/손/펜/LED","7400000","7400000","7400000","0","2026.06.04"
"SAME","아이에스시스템 주식회사","25460964","인터랙티브화이트보드, 아이에스시스템, ISS-86AC, 217.4cm, IR센서/손/도구/LED","7480000","7480000","7480000","0","2026.05.29"
"SAME","주식회사 메이닉스","25369197","인터랙티브화이트보드, 메이닉스, Mai-Phoenix 86D, 217.4cm, IR센서/손/도구/LED","7500000","7500000","7500000","0","2026.07.28"
"SAME","주식회사 현대아이티","25208788","인터랙티브화이트보드, 현대아이티, HDP E86UPGI, 217.4cm, IR센서/손/도구/LED","7500000","7500000","7500000","0","2027.01.06"
"SAME","네오프랜드(주)","25236178","인터랙티브화이트보드, 네오프랜드, NEOM-ON86CM-OPS, 217.2cm, On Cell방식/손/펜/LED","7700000","7700000","7700000","0","2026.06.04"
"SAME","(주)테크커넥트","25452835","인터랙티브화이트보드, 테크커넥트, CHALK-2000S, 217.4cm, IR센서/손/도구/LED","8330000","8330000","8330000","0","2026.01.30"
"SAME","주식회사 현대아이티","24825775","인터랙티브화이트보드, 현대아이티, E86UNGI, 217.4cm, IR센서/손/도구/LED","8440000","8440000","8440000","0","2027.01.06"
"SAME","(주)테크커넥트","25361252","인터랙티브화이트보드, 테크커넥트, CM-8603, 217.4cm, IR센서/손/도구/LED","8690000","8690000","8690000","0","2026.01.30"
"SAME","(주)테크커넥트","25198447","인터랙티브화이트보드, 테크커넥트, CM-8601P, 217.4cm, IR센서/손/도구/LED","8800000","8800000","8800000","0","2026.01.30"
"SAME","주식회사 메이닉스","25369198","인터랙티브화이트보드, 메이닉스, Mai-Phoenix 86E, 217.4cm, IR센서/손/도구/LED","8900000","8900000","8900000","0","2026.07.28"
"NEW","이솔정보통신 주식회사","25442404","인터랙티브화이트보드, 이솔정보통신, HCB-5286G, 217.4cm, IR센서/손/도구/LED","","","4800000","0","2028.09.18"
"NEW","이솔정보통신 주식회사","25442405","인터랙티브화이트보드, 이솔정보통신, HCB-5286G1, 217.4cm, IR센서/손/도구/LED","","","4920000","0","2028.09.18"
"NEW","주식회사 에이텍컴퓨터","25598297","인터랙티브화이트보드, 에이텍컴퓨터, A8GC-2XTNP, 217.4cm, IR센서/손/모든물체/터치펜/LED","","","5900000","0","2026.04.23"